Name,HP,Attack,Defense,Sp_Atk,Sp_Def,Speed,Generation,isLegendary,hasGender,Pr_Male,hasMegaEvolution,Height_m,Weight_kg,Catch_Rate
Bulbasaur,45,49,49,65,65,45,1,0,1,0.875,0,0.71,6.9,45
Ivysaur,60,62,63,80,80,60,1,0,1,0.875,0,0.99,13,45
Venusaur,80,82,83,100,100,80,1,0,1,0.875,1,2.01,100,45
Charmander,39,52,43,60,50,65,1,0,1,0.875,0,0.61,8.5,45
Charmeleon,58,64,58,80,65,80,1,0,1,0.875,0,1.09,19,45
Charizard,78,84,78,109,85,100,1,0,1,0.875,1,1.7,90.5,45
Squirtle,44,48,65,50,64,43,1,0,1,0.875,0,0.51,9,45
Wartortle,59,63,80,65,80,58,1,0,1,0.875,0,0.99,22.5,45
Blastoise,79,83,100,85,105,78,1,0,1,0.875,1,1.6,85.5,45
Caterpie,45,30,35,20,20,45,1,0,1,0.5,0,0.3,2.9,255
Metapod,50,20,55,25,25,30,1,0,1,0.5,0,0.71,9.9,120
Butterfree,60,45,50,90,80,70,1,0,1,0.5,0,1.09,32,45
Weedle,40,35,30,20,20,50,1,0,1,0.5,0,0.3,3.2,255
Kakuna,45,25,50,25,25,35,1,0,1,0.5,0,0.61,10,120
Beedrill,65,90,40,45,80,75,1,0,1,0.5,1,0.99,29.5,45
Pidgey,40,45,40,35,35,56,1,0,1,0.5,0,0.3,1.8,255
Pidgeotto,63,60,55,50,50,71,1,0,1,0.5,0,1.09,30,120
Pidgeot,83,80,75,70,70,101,1,0,1,0.5,1,1.5,39.5,45
Rattata,30,56,35,25,35,72,1,0,1,0.5,0,0.3,3.5,255
Raticate,55,81,60,50,70,97,1,0,1,0.5,0,0.71,18.5,127
Spearow,40,60,30,31,31,70,1,0,1,0.5,0,0.3,2,255
Fearow,65,90,65,61,61,100,1,0,1,0.5,0,1.19,38,90
Ekans,35,60,44,40,54,55,1,0,1,0.5,0,2.01,6.9,255
Arbok,60,85,69,65,79,80,1,0,1,0.5,0,3.51,65,90
Pikachu,35,55,40,50,50,90,1,0,1,0.5,0,0.41,6,190
Raichu,60,90,55,90,80,110,1,0,1,0.5,0,0.79,30,75
Sandshrew,50,75,85,20,30,40,1,0,1,0.5,0,0.61,12,255
Sandslash,75,100,110,45,55,65,1,0,1,0.5,0,0.99,29.5,90
Nidoranä»ó,55,47,52,40,40,41,1,0,1,0,0,0.41,7,235
Nidorina,70,62,67,55,55,56,1,0,1,0,0,0.79,20,120
Nidoqueen,90,92,87,75,85,76,1,0,1,0,0,1.3,60,45
Nidoranä»‰,46,57,40,40,40,50,1,0,1,1,0,0.51,9,235
Nidorino,61,72,57,55,55,65,1,0,1,1,0,0.89,19.5,120
Nidoking,81,102,77,85,75,85,1,0,1,1,0,1.4,62,45
Clefairy,70,45,48,60,65,35,1,0,1,0.25,0,0.61,7.5,150
Clefable,95,70,73,95,90,60,1,0,1,0.25,0,1.3,40,25
Vulpix,38,41,40,50,65,65,1,0,1,0.25,0,0.61,9.9,190
Ninetales,73,76,75,81,100,100,1,0,1,0.25,0,1.09,19.9,75
Jigglypuff,115,45,20,45,25,20,1,0,1,0.25,0,0.51,5.5,170
Wigglytuff,140,70,45,85,50,45,1,0,1,0.25,0,0.99,12,50
Zubat,40,45,35,30,40,55,1,0,1,0.5,0,0.79,7.5,255
Golbat,75,80,70,65,75,90,1,0,1,0.5,0,1.6,55,90
Oddish,45,50,55,75,65,30,1,0,1,0.5,0,0.51,5.4,255
Gloom,60,65,70,85,75,40,1,0,1,0.5,0,0.79,8.6,120
Vileplume,75,80,85,110,90,50,1,0,1,0.5,0,1.19,18.6,45
Paras,35,70,55,45,55,25,1,0,1,0.5,0,0.3,5.4,190
Parasect,60,95,80,60,80,30,1,0,1,0.5,0,0.99,29.5,75
Venonat,60,55,50,40,55,45,1,0,1,0.5,0,0.99,30,190
Venomoth,70,65,60,90,75,90,1,0,1,0.5,0,1.5,12.5,75
Diglett,10,55,25,35,45,95,1,0,1,0.5,0,0.2,0.8,255
Dugtrio,35,80,50,50,70,120,1,0,1,0.5,0,0.71,33.3,50
Meowth,40,45,35,40,40,90,1,0,1,0.5,0,0.41,4.2,255
Persian,65,70,60,65,65,115,1,0,1,0.5,0,0.99,32,90
Psyduck,50,52,48,65,50,55,1,0,1,0.5,0,0.79,19.6,190
Golduck,80,82,78,95,80,85,1,0,1,0.5,0,1.7,76.6,75
Mankey,40,80,35,35,45,70,1,0,1,0.5,0,0.51,28,190
Primeape,65,105,60,60,70,95,1,0,1,0.5,0,0.99,32,75
Growlithe,55,70,45,70,50,60,1,0,1,0.75,0,0.71,19,190
Arcanine,90,110,80,100,80,95,1,0,1,0.75,0,1.91,155,75
Poliwag,40,50,40,40,40,90,1,0,1,0.5,0,0.61,12.4,255
Poliwhirl,65,65,65,50,50,90,1,0,1,0.5,0,0.99,20,120
Poliwrath,90,95,95,70,90,70,1,0,1,0.5,0,1.3,54,45
Abra,25,20,15,105,55,90,1,0,1,0.75,0,0.89,19.5,200
Kadabra,40,35,30,120,70,105,1,0,1,0.75,0,1.3,56.5,100
Alakazam,55,50,45,135,95,120,1,0,1,0.75,1,1.5,48,50
Machop,70,80,50,35,35,35,1,0,1,0.75,0,0.79,19.5,180
Machoke,80,100,70,50,60,45,1,0,1,0.75,0,1.5,70.5,90
Machamp,90,130,80,65,85,55,1,0,1,0.75,0,1.6,130,45
Bellsprout,50,75,35,70,30,40,1,0,1,0.5,0,0.71,4,255
Weepinbell,65,90,50,85,45,55,1,0,1,0.5,0,0.99,6.4,120
Victreebel,80,105,65,100,70,70,1,0,1,0.5,0,1.7,15.5,45
Tentacool,40,40,35,50,100,70,1,0,1,0.5,0,0.89,45.5,190
Tentacruel,80,70,65,80,120,100,1,0,1,0.5,0,1.6,55,60
Geodude,40,80,100,30,30,20,1,0,1,0.5,0,0.41,20,255
Graveler,55,95,115,45,45,35,1,0,1,0.5,0,0.99,105,120
Golem,80,120,130,55,65,45,1,0,1,0.5,0,1.4,300,45
Ponyta,50,85,55,65,65,90,1,0,1,0.5,0,0.99,30,190
Rapidash,65,100,70,80,80,105,1,0,1,0.5,0,1.7,95,60
Slowpoke,90,65,65,40,40,15,1,0,1,0.5,0,1.19,36,190
Slowbro,95,75,110,100,80,30,1,0,1,0.5,1,1.6,78.5,75
Magnemite,25,35,70,95,55,45,1,0,0,0.5,0,0.3,6,190
Magneton,50,60,95,120,70,70,1,0,0,0.5,0,0.99,60,60
Farfetch'd,52,65,55,58,62,60,1,0,1,0.5,0,0.79,15,45
Doduo,35,85,45,35,35,75,1,0,1,0.5,0,1.4,39.2,190
Dodrio,60,110,70,60,60,100,1,0,1,0.5,0,1.8,85.2,45
Seel,65,45,55,45,70,45,1,0,1,0.5,0,1.09,90,190
Dewgong,90,70,80,70,95,70,1,0,1,0.5,0,1.7,120,75
Grimer,80,80,50,40,50,25,1,0,1,0.5,0,0.89,30,190
Muk,105,105,75,65,100,50,1,0,1,0.5,0,1.19,30,75
Shellder,30,65,100,45,25,40,1,0,1,0.5,0,0.3,4,190
Cloyster,50,95,180,85,45,70,1,0,1,0.5,0,1.5,132.5,60
Gastly,30,35,30,100,35,80,1,0,1,0.5,0,1.3,0.1,190
Haunter,45,50,45,115,55,95,1,0,1,0.5,0,1.6,0.1,90
Gengar,60,65,60,130,75,110,1,0,1,0.5,1,1.5,40.5,45
Onix,35,45,160,30,45,70,1,0,1,0.5,0,8.79,210,45
Drowzee,60,48,45,43,90,42,1,0,1,0.5,0,0.99,32.4,190
Hypno,85,73,70,73,115,67,1,0,1,0.5,0,1.6,75.6,75
Krabby,30,105,90,25,25,50,1,0,1,0.5,0,0.41,6.5,225
Kingler,55,130,115,50,50,75,1,0,1,0.5,0,1.3,60,60
Voltorb,40,30,50,55,55,100,1,0,0,0.5,0,0.51,10.4,190
Electrode,60,50,70,80,80,140,1,0,0,0.5,0,1.19,66.6,60
Exeggcute,60,40,80,60,45,40,1,0,1,0.5,0,0.41,2.5,90
Exeggutor,95,95,85,125,65,55,1,0,1,0.5,0,2.01,120,45
Cubone,50,50,95,40,50,35,1,0,1,0.5,0,0.41,6.5,190
Marowak,60,80,110,50,80,45,1,0,1,0.5,0,0.99,45,75
Hitmonlee,50,120,53,35,110,87,1,0,1,1,0,1.5,49.8,45
Hitmonchan,50,105,79,35,110,76,1,0,1,1,0,1.4,50.2,45
Lickitung,90,55,75,60,75,30,1,0,1,0.5,0,1.19,65.5,45
Koffing,40,65,95,60,45,35,1,0,1,0.5,0,0.61,1,190
Weezing,65,90,120,85,70,60,1,0,1,0.5,0,1.19,9.5,60
Rhyhorn,80,85,95,30,30,25,1,0,1,0.5,0,0.99,115,120
Rhydon,105,130,120,45,45,40,1,0,1,0.5,0,1.91,120,60
Chansey,250,5,5,35,105,50,1,0,1,0,0,1.09,34.6,30
Tangela,65,55,115,100,40,60,1,0,1,0.5,0,0.99,35,45
Kangaskhan,105,95,80,40,80,90,1,0,1,0,1,2.21,80,45
Horsea,30,40,70,70,25,60,1,0,1,0.5,0,0.41,8,225
Seadra,55,65,95,95,45,85,1,0,1,0.5,0,1.19,25,75
Goldeen,45,67,60,35,50,63,1,0,1,0.5,0,0.61,15,225
Seaking,80,92,65,65,80,68,1,0,1,0.5,0,1.3,39,60
Staryu,30,45,55,70,55,85,1,0,0,0.5,0,0.79,34.5,225
Starmie,60,75,85,100,85,115,1,0,0,0.5,0,1.09,80,60
Mr._Mime,40,45,65,100,120,90,1,0,1,0.5,0,1.3,54.5,45
Scyther,70,110,80,55,80,105,1,0,1,0.5,0,1.5,56,45
Jynx,65,50,35,115,95,95,1,0,1,0,0,1.4,40.6,45
Electabuzz,65,83,57,95,85,105,1,0,1,0.75,0,1.09,30,45
Magmar,65,95,57,100,85,93,1,0,1,0.75,0,1.3,44.5,45
Pinsir,65,125,100,55,70,85,1,0,1,0.5,1,1.5,55,45
Tauros,75,100,95,40,70,110,1,0,1,1,0,1.4,88.4,45
Magikarp,20,10,55,15,20,80,1,0,1,0.5,0,0.89,10,255
Gyarados,95,125,79,60,100,81,1,0,1,0.5,1,6.5,235,45
Lapras,130,85,80,85,95,60,1,0,1,0.5,0,2.49,220,45
Ditto,48,48,48,48,48,48,1,0,0,0.5,0,0.3,4,35
Eevee,55,55,50,45,65,55,1,0,1,0.875,0,0.3,6.5,45
Vaporeon,130,65,60,110,95,65,1,0,1,0.875,0,0.99,29,45
Jolteon,65,65,60,110,95,130,1,0,1,0.875,0,0.79,24.5,45
Flareon,65,130,60,95,110,65,1,0,1,0.875,0,0.89,25,45
Porygon,65,60,70,85,75,40,1,0,0,0.5,0,0.79,36.5,45
Omanyte,35,40,100,90,55,35,1,0,1,0.875,0,0.41,7.5,45
Omastar,70,60,125,115,70,55,1,0,1,0.875,0,0.99,35,45
Kabuto,30,80,90,55,45,55,1,0,1,0.875,0,0.51,11.5,45
Kabutops,60,115,105,65,70,80,1,0,1,0.875,0,1.3,40.5,45
Aerodactyl,80,105,65,60,75,130,1,0,1,0.875,1,1.8,59,45
Snorlax,160,110,65,65,110,30,1,0,1,0.875,0,2.11,460,25
Articuno,90,85,100,95,125,85,1,1,0,0.5,0,1.7,55.4,3
Zapdos,90,90,85,125,90,100,1,1,0,0.5,0,1.6,52.6,3
Moltres,90,100,90,125,85,90,1,1,0,0.5,0,2.01,60,3
Dratini,41,64,45,50,50,50,1,0,1,0.5,0,1.8,3.3,45
Dragonair,61,84,65,70,70,70,1,0,1,0.5,0,3.99,16.5,45
Dragonite,91,134,95,100,100,80,1,0,1,0.5,0,2.21,210,45
Mewtwo,106,110,90,154,90,130,1,1,0,0.5,1,2.01,122,3
Mew,100,100,100,100,100,100,1,0,0,0.5,0,0.41,4,45
Chikorita,45,49,65,49,65,45,2,0,1,0.875,0,0.89,6.4,45
Bayleef,60,62,80,63,80,60,2,0,1,0.875,0,1.19,15.8,45
Meganium,80,82,100,83,100,80,2,0,1,0.875,0,1.8,100.5,45
Cyndaquil,39,52,43,60,50,65,2,0,1,0.875,0,0.51,7.9,45
Quilava,58,64,58,80,65,80,2,0,1,0.875,0,0.89,19,45
Typhlosion,78,84,78,109,85,100,2,0,1,0.875,0,1.7,79.5,45
Totodile,50,65,64,44,48,43,2,0,1,0.875,0,0.61,9.5,45
Croconaw,65,80,80,59,63,58,2,0,1,0.875,0,1.09,25,45
Feraligatr,85,105,100,79,83,78,2,0,1,0.875,0,2.31,88.8,45
Sentret,35,46,34,35,45,20,2,0,1,0.5,0,0.79,6,255
Furret,85,76,64,45,55,90,2,0,1,0.5,0,1.8,32.5,90
Hoothoot,60,30,30,36,56,50,2,0,1,0.5,0,0.71,21.2,255
Noctowl,100,50,50,76,96,70,2,0,1,0.5,0,1.6,40.8,90
Ledyba,40,20,30,40,80,55,2,0,1,0.5,0,0.99,10.8,255
Ledian,55,35,50,55,110,85,2,0,1,0.5,0,1.4,35.6,90
Spinarak,40,60,40,40,40,30,2,0,1,0.5,0,0.51,8.5,255
Ariados,70,90,70,60,60,40,2,0,1,0.5,0,1.09,33.5,90
Crobat,85,90,80,70,80,130,2,0,1,0.5,0,1.8,75,90
Chinchou,75,38,38,56,56,67,2,0,1,0.5,0,0.51,12,190
Lanturn,125,58,58,76,76,67,2,0,1,0.5,0,1.19,22.5,75
Pichu,20,40,15,35,35,60,2,0,1,0.5,0,0.3,2,190
Cleffa,50,25,28,45,55,15,2,0,1,0.25,0,0.3,3,150
Igglybuff,90,30,15,40,20,15,2,0,1,0.25,0,0.3,1,170
Togepi,35,20,65,40,65,20,2,0,1,0.875,0,0.3,1.5,190
Togetic,55,40,85,80,105,40,2,0,1,0.875,0,0.61,3.2,75
Natu,40,50,45,70,45,70,2,0,1,0.5,0,0.2,2,190
Xatu,65,75,70,95,70,95,2,0,1,0.5,0,1.5,15,75
Mareep,55,40,40,65,45,35,2,0,1,0.5,0,0.61,7.8,235
Flaaffy,70,55,55,80,60,45,2,0,1,0.5,0,0.79,13.3,120
Ampharos,90,75,85,115,90,55,2,0,1,0.5,1,1.4,61.5,45
Bellossom,75,80,95,90,100,50,2,0,1,0.5,0,0.41,5.8,45
Marill,70,20,50,20,50,40,2,0,1,0.5,0,0.41,8.5,190
Azumarill,100,50,80,60,80,50,2,0,1,0.5,0,0.79,28.5,75
Sudowoodo,70,100,115,30,65,30,2,0,1,0.5,0,1.19,38,65
Politoed,90,75,75,90,100,70,2,0,1,0.5,0,1.09,33.9,45
Hoppip,35,35,40,35,55,50,2,0,1,0.5,0,0.41,0.5,255
Skiploom,55,45,50,45,65,80,2,0,1,0.5,0,0.61,1,120
Jumpluff,75,55,70,55,95,110,2,0,1,0.5,0,0.79,3,45
Aipom,55,70,55,40,55,85,2,0,1,0.5,0,0.79,11.5,45
Sunkern,30,30,30,30,30,30,2,0,1,0.5,0,0.3,1.8,235
Sunflora,75,75,55,105,85,30,2,0,1,0.5,0,0.79,8.5,120
Yanma,65,65,45,75,45,95,2,0,1,0.5,0,1.19,38,75
Wooper,55,45,45,25,25,15,2,0,1,0.5,0,0.41,8.5,255
Quagsire,95,85,85,65,65,35,2,0,1,0.5,0,1.4,75,90
Espeon,65,65,60,130,95,110,2,0,1,0.875,0,0.89,26.5,45
Umbreon,95,65,110,60,130,65,2,0,1,0.875,0,0.99,27,45
Murkrow,60,85,42,85,42,91,2,0,1,0.5,0,0.51,2.1,30
Slowking,95,75,80,100,110,30,2,0,1,0.5,0,2.01,79.5,70
Misdreavus,60,60,60,85,85,85,2,0,1,0.5,0,0.71,1,45
Unown,48,72,48,72,48,48,2,0,0,0.5,0,0.51,5,225
Wobbuffet,190,33,58,33,58,33,2,0,1,0.5,0,1.3,28.5,45
Girafarig,70,80,65,90,65,85,2,0,1,0.5,0,1.5,41.5,60
Pineco,50,65,90,35,35,15,2,0,1,0.5,0,0.61,7.2,190
Forretress,75,90,140,60,60,40,2,0,1,0.5,0,1.19,125.8,75
Dunsparce,100,70,70,65,65,45,2,0,1,0.5,0,1.5,14,190
Gligar,65,75,105,35,65,85,2,0,1,0.5,0,1.09,64.8,60
Steelix,75,85,200,55,65,30,2,0,1,0.5,1,9.19,400,25
Snubbull,60,80,50,40,40,30,2,0,1,0.25,0,0.61,7.8,190
Granbull,90,120,75,60,60,45,2,0,1,0.25,0,1.4,48.7,75
Qwilfish,65,95,75,55,55,85,2,0,1,0.5,0,0.51,3.9,45
Scizor,70,130,100,55,80,65,2,0,1,0.5,1,1.8,118,25
Shuckle,20,10,230,10,230,5,2,0,1,0.5,0,0.61,20.5,190
Heracross,80,125,75,40,95,85,2,0,1,0.5,1,1.5,54,45
Sneasel,55,95,55,35,75,115,2,0,1,0.5,0,0.89,28,60
Teddiursa,60,80,50,50,50,40,2,0,1,0.5,0,0.61,8.8,120
Ursaring,90,130,75,75,75,55,2,0,1,0.5,0,1.8,125.8,60
Slugma,40,40,40,70,40,20,2,0,1,0.5,0,0.71,35,190
Magcargo,50,50,120,80,80,30,2,0,1,0.5,0,0.79,55,75
Swinub,50,50,40,30,30,50,2,0,1,0.5,0,0.41,6.5,225
Piloswine,100,100,80,60,60,50,2,0,1,0.5,0,1.09,55.8,75
Corsola,55,55,85,65,85,35,2,0,1,0.25,0,0.61,5,60
Remoraid,35,65,35,65,35,65,2,0,1,0.5,0,0.61,12,190
Octillery,75,105,75,105,75,45,2,0,1,0.5,0,0.89,28.5,75
Delibird,45,55,45,65,45,75,2,0,1,0.5,0,0.89,16,45
Mantine,65,40,70,80,140,70,2,0,1,0.5,0,2.11,220,25
Skarmory,65,80,140,40,70,70,2,0,1,0.5,0,1.7,50.5,25
Houndour,45,60,30,80,50,65,2,0,1,0.5,0,0.61,10.8,120
Houndoom,75,90,50,110,80,95,2,0,1,0.5,1,1.4,35,45
Kingdra,75,95,95,95,95,85,2,0,1,0.5,0,1.8,152,45
Phanpy,90,60,60,40,40,40,2,0,1,0.5,0,0.51,33.5,120
Donphan,90,120,120,60,60,50,2,0,1,0.5,0,1.09,120,60
Porygon2,85,80,90,105,95,60,2,0,0,0.5,0,0.61,32.5,45
Stantler,73,95,62,85,65,85,2,0,1,0.5,0,1.4,71.2,45
Smeargle,55,20,35,20,45,75,2,0,1,0.5,0,1.19,58,45
Tyrogue,35,35,35,35,35,35,2,0,1,1,0,0.71,21,75
Hitmontop,50,95,95,35,110,70,2,0,1,1,0,1.4,48,45
Smoochum,45,30,15,85,65,65,2,0,1,0,0,0.41,6,45
Elekid,45,63,37,65,55,95,2,0,1,0.75,0,0.61,23.5,45
Magby,45,75,37,70,55,83,2,0,1,0.75,0,0.71,21.4,45
Miltank,95,80,105,40,70,100,2,0,1,0,0,1.19,75.5,45
Blissey,255,10,10,75,135,55,2,0,1,0,0,1.5,46.8,30
Raikou,90,85,75,115,100,115,2,1,0,0.5,0,1.91,178,3
Entei,115,115,85,90,75,100,2,1,0,0.5,0,2.11,198,3
Suicune,100,75,115,90,115,85,2,1,0,0.5,0,2.01,187,3
Larvitar,50,64,50,45,50,41,2,0,1,0.5,0,0.61,72,45
Pupitar,70,84,70,65,70,51,2,0,1,0.5,0,1.19,152,45
Tyranitar,100,134,110,95,100,61,2,0,1,0.5,1,2.01,202,45
Lugia,106,90,130,90,154,110,2,1,0,0.5,0,5.21,216,3
Ho-Oh,106,130,90,110,154,90,2,1,0,0.5,0,3.81,199,3
Celebi,100,100,100,100,100,100,2,0,0,0.5,0,0.61,5,45
Treecko,40,45,35,65,55,70,3,0,1,0.875,0,0.51,5,45
Grovyle,50,65,45,85,65,95,3,0,1,0.875,0,0.89,21.6,45
Sceptile,70,85,65,105,85,120,3,0,1,0.875,1,1.7,52.2,45
Torchic,45,60,40,70,50,45,3,0,1,0.875,0,0.41,2.5,45
Combusken,60,85,60,85,60,55,3,0,1,0.875,0,0.89,19.5,45
Blaziken,80,120,70,110,70,80,3,0,1,0.875,1,1.91,52,45
Mudkip,50,70,50,50,50,40,3,0,1,0.875,0,0.41,7.6,45
Marshtomp,70,85,70,60,70,50,3,0,1,0.875,0,0.71,28,45
Swampert,100,110,90,85,90,60,3,0,1,0.875,1,1.5,81.9,45
Poochyena,35,55,35,30,30,35,3,0,1,0.5,0,0.51,13.6,255
Mightyena,70,90,70,60,60,70,3,0,1,0.5,0,0.99,37,127
Zigzagoon,38,30,41,30,41,60,3,0,1,0.5,0,0.41,17.5,255
Linoone,78,70,61,50,61,100,3,0,1,0.5,0,0.51,32.5,90
Wurmple,45,45,35,20,30,20,3,0,1,0.5,0,0.3,3.6,255
Silcoon,50,35,55,25,25,15,3,0,1,0.5,0,0.61,10,120
Beautifly,60,70,50,100,50,65,3,0,1,0.5,0,0.99,28.4,45
Cascoon,50,35,55,25,25,15,3,0,1,0.5,0,0.71,11.5,120
Dustox,60,50,70,50,90,65,3,0,1,0.5,0,1.19,31.6,45
Lotad,40,30,30,40,50,30,3,0,1,0.5,0,0.51,2.6,255
Lombre,60,50,50,60,70,50,3,0,1,0.5,0,1.19,32.5,120
Ludicolo,80,70,70,90,100,70,3,0,1,0.5,0,1.5,55,45
Seedot,40,40,50,30,30,30,3,0,1,0.5,0,0.51,4,255
Nuzleaf,70,70,40,60,40,60,3,0,1,0.5,0,0.99,28,120
Shiftry,90,100,60,90,60,80,3,0,1,0.5,0,1.3,59.6,45
Taillow,40,55,30,30,30,85,3,0,1,0.5,0,0.3,2.3,200
Swellow,60,85,60,50,50,125,3,0,1,0.5,0,0.71,19.8,45
Wingull,40,30,30,55,30,85,3,0,1,0.5,0,0.61,9.5,190
Pelipper,60,50,100,85,70,65,3,0,1,0.5,0,1.19,28,45
Ralts,28,25,25,45,35,40,3,0,1,0.5,0,0.41,6.6,235
Kirlia,38,35,35,65,55,50,3,0,1,0.5,0,0.79,20.2,120
Gardevoir,68,65,65,125,115,80,3,0,1,0.5,1,1.6,48.4,45
Surskit,40,30,32,50,52,65,3,0,1,0.5,0,0.51,1.7,200
Masquerain,70,60,62,80,82,60,3,0,1,0.5,0,0.79,3.6,75
Shroomish,60,40,60,40,60,35,3,0,1,0.5,0,0.41,4.5,255
Breloom,60,130,80,60,60,70,3,0,1,0.5,0,1.19,39.2,90
Slakoth,60,60,60,35,35,30,3,0,1,0.5,0,0.79,24,255
Vigoroth,80,80,80,55,55,90,3,0,1,0.5,0,1.4,46.5,120
Slaking,150,160,100,95,65,100,3,0,1,0.5,0,2.01,130.5,45
Nincada,31,45,90,30,30,40,3,0,1,0.5,0,0.51,5.5,255
Ninjask,61,90,45,50,50,160,3,0,1,0.5,0,0.79,12,120
Shedinja,1,90,45,30,30,40,3,0,0,0.5,0,0.79,1.2,45
Whismur,64,51,23,51,23,28,3,0,1,0.5,0,0.61,16.3,190
Loudred,84,71,43,71,43,48,3,0,1,0.5,0,0.99,40.5,120
Exploud,104,91,63,91,73,68,3,0,1,0.5,0,1.5,84,45
Makuhita,72,60,30,20,30,25,3,0,1,0.75,0,0.99,86.4,180
Hariyama,144,120,60,40,60,50,3,0,1,0.75,0,2.31,253.8,200
Azurill,50,20,40,20,40,20,3,0,1,0.25,0,0.2,2,150
Nosepass,30,45,135,45,90,30,3,0,1,0.5,0,0.99,97,255
Skitty,50,45,45,35,35,50,3,0,1,0.25,0,0.61,11,255
Delcatty,70,65,65,55,55,70,3,0,1,0.25,0,1.09,32.6,60
Sableye,50,75,75,65,65,50,3,0,1,0.5,1,0.51,11,45
Mawile,50,85,85,55,55,50,3,0,1,0.5,1,0.61,11.5,45
Aron,50,70,100,40,40,30,3,0,1,0.5,0,0.41,60,180
Lairon,60,90,140,50,50,40,3,0,1,0.5,0,0.89,120,90
Aggron,70,110,180,60,60,50,3,0,1,0.5,1,2.11,360,45
Meditite,30,40,55,40,55,60,3,0,1,0.5,0,0.61,11.2,180
Medicham,60,60,75,60,75,80,3,0,1,0.5,1,1.3,31.5,90
Electrike,40,45,40,65,40,65,3,0,1,0.5,0,0.61,15.2,120
Manectric,70,75,60,105,60,105,3,0,1,0.5,1,1.5,40.2,45
Plusle,60,50,40,85,75,95,3,0,1,0.5,0,0.41,4.2,200
Minun,60,40,50,75,85,95,3,0,1,0.5,0,0.41,4.2,200
Volbeat,65,73,55,47,75,85,3,0,1,1,0,0.71,17.7,150
Illumise,65,47,55,73,75,85,3,0,1,0,0,0.61,17.7,150
Roselia,50,60,45,100,80,65,3,0,1,0.5,0,0.3,2,150
Gulpin,70,43,53,43,53,40,3,0,1,0.5,0,0.41,10.3,225
Swalot,100,73,83,73,83,55,3,0,1,0.5,0,1.7,80,75
Carvanha,45,90,20,65,20,65,3,0,1,0.5,0,0.79,20.8,225
Sharpedo,70,120,40,95,40,95,3,0,1,0.5,1,1.8,88.8,60
Wailmer,130,70,35,70,35,60,3,0,1,0.5,0,2.01,130,125
Wailord,170,90,45,90,45,60,3,0,1,0.5,0,14.5,398,60
Numel,60,60,40,65,45,35,3,0,1,0.5,0,0.71,24,255
Camerupt,70,100,70,105,75,40,3,0,1,0.5,1,1.91,220,150
Torkoal,70,85,140,85,70,20,3,0,1,0.5,0,0.51,80.4,90
Spoink,60,25,35,70,80,60,3,0,1,0.5,0,0.71,30.6,255
Grumpig,80,45,65,90,110,80,3,0,1,0.5,0,0.89,71.5,60
Spinda,60,60,60,60,60,60,3,0,1,0.5,0,1.09,5,255
Trapinch,45,100,45,45,45,10,3,0,1,0.5,0,0.71,15,255
Vibrava,50,70,50,50,50,70,3,0,1,0.5,0,1.09,15.3,120
Flygon,80,100,80,80,80,100,3,0,1,0.5,0,2.01,82,45
Cacnea,50,85,40,85,40,35,3,0,1,0.5,0,0.41,51.3,190
Cacturne,70,115,60,115,60,55,3,0,1,0.5,0,1.3,77.4,60
Swablu,45,40,60,40,75,50,3,0,1,0.5,0,0.41,1.2,255
Altaria,75,70,90,70,105,80,3,0,1,0.5,1,1.09,20.6,45
Zangoose,73,115,60,60,60,90,3,0,1,0.5,0,1.3,40.3,90
Seviper,73,100,60,100,60,65,3,0,1,0.5,0,2.69,52.5,90
Lunatone,70,55,65,95,85,70,3,0,0,0.5,0,0.99,168,45
Solrock,70,95,85,55,65,70,3,0,0,0.5,0,1.19,154,45
Barboach,50,48,43,46,41,60,3,0,1,0.5,0,0.41,1.9,190
Whiscash,110,78,73,76,71,60,3,0,1,0.5,0,0.89,23.6,75
Corphish,43,80,65,50,35,35,3,0,1,0.5,0,0.61,11.5,205
Crawdaunt,63,120,85,90,55,55,3,0,1,0.5,0,1.09,32.8,155
Baltoy,40,40,55,40,70,55,3,0,0,0.5,0,0.51,21.5,255
Claydol,60,70,105,70,120,75,3,0,0,0.5,0,1.5,108,90
Lileep,66,41,77,61,87,23,3,0,1,0.875,0,0.99,23.8,45
Cradily,86,81,97,81,107,43,3,0,1,0.875,0,1.5,60.4,45
Anorith,45,95,50,40,50,75,3,0,1,0.875,0,0.71,12.5,45
Armaldo,75,125,100,70,80,45,3,0,1,0.875,0,1.5,68.2,45
Feebas,20,15,20,10,55,80,3,0,1,0.5,0,0.61,7.4,255
Milotic,95,60,79,100,125,81,3,0,1,0.5,0,6.2,162,60
Castform,70,70,70,70,70,70,3,0,1,0.5,0,0.3,0.8,45
Kecleon,60,90,70,60,120,40,3,0,1,0.5,0,0.99,22,200
Shuppet,44,75,35,63,33,45,3,0,1,0.5,0,0.61,2.3,225
Banette,64,115,65,83,63,65,3,0,1,0.5,1,1.09,12.5,45
Duskull,20,40,90,30,90,25,3,0,1,0.5,0,0.79,15,190
Dusclops,40,70,130,60,130,25,3,0,1,0.5,0,1.6,30.6,90
Tropius,99,68,83,72,87,51,3,0,1,0.5,0,2.01,100,200
Chimecho,65,50,70,95,80,65,3,0,1,0.5,0,0.61,1,45
Absol,65,130,60,75,60,75,3,0,1,0.5,1,1.19,47,30
Wynaut,95,23,48,23,48,23,3,0,1,0.5,0,0.61,14,125
Snorunt,50,50,50,50,50,50,3,0,1,0.5,0,0.71,16.8,190
Glalie,80,80,80,80,80,80,3,0,1,0.5,1,1.5,256.5,75
Spheal,70,40,50,55,50,25,3,0,1,0.5,0,0.79,39.5,255
Sealeo,90,60,70,75,70,45,3,0,1,0.5,0,1.09,87.6,120
Walrein,110,80,90,95,90,65,3,0,1,0.5,0,1.4,150.6,45
Clamperl,35,64,85,74,55,32,3,0,1,0.5,0,0.41,52.5,255
Huntail,55,104,105,94,75,52,3,0,1,0.5,0,1.7,27,60
Gorebyss,55,84,105,114,75,52,3,0,1,0.5,0,1.8,22.6,60
Relicanth,100,90,130,45,65,55,3,0,1,0.875,0,0.99,23.4,25
Luvdisc,43,30,55,40,65,97,3,0,1,0.25,0,0.61,8.7,225
Bagon,45,75,60,40,30,50,3,0,1,0.5,0,0.61,42.1,45
Shelgon,65,95,100,60,50,50,3,0,1,0.5,0,1.09,110.5,45
Salamence,95,135,80,110,80,100,3,0,1,0.5,1,1.5,102.6,45
Beldum,40,55,80,35,60,30,3,0,0,0.5,0,0.61,95.2,3
Metang,60,75,100,55,80,50,3,0,0,0.5,0,1.19,202.5,3
Metagross,80,135,130,95,90,70,3,0,0,0.5,1,1.6,550,3
Regirock,80,100,200,50,100,50,3,1,0,0.5,0,1.7,230,3
Regice,80,50,100,100,200,50,3,1,0,0.5,0,1.8,175,3
Registeel,80,75,150,75,150,50,3,1,0,0.5,0,1.91,205,3
Latias,80,80,90,110,130,110,3,1,1,0,1,1.4,40,3
Latios,80,90,80,130,110,110,3,1,1,1,1,2.01,60,3
Kyogre,100,100,90,150,140,90,3,1,0,0.5,0,4.5,352,3
Groudon,100,150,140,100,90,90,3,1,0,0.5,0,3.51,950,3
Rayquaza,105,150,90,150,90,95,3,1,0,0.5,1,7.01,206.5,45
Jirachi,100,100,100,100,100,100,3,1,0,0.5,0,0.3,1.1,3
Deoxys,50,150,50,150,50,150,3,1,0,0.5,0,1.7,60.8,3
Turtwig,55,68,64,45,55,31,4,0,1,0.875,0,0.41,10.2,45
Grotle,75,89,85,55,65,36,4,0,1,0.875,0,1.09,97,45
Torterra,95,109,105,75,85,56,4,0,1,0.875,0,2.21,310,45
Chimchar,44,58,44,58,44,61,4,0,1,0.875,0,0.51,6.2,45
Monferno,64,78,52,78,52,81,4,0,1,0.875,0,0.89,22,45
Infernape,76,104,71,104,71,108,4,0,1,0.875,0,1.19,55,45
Piplup,53,51,53,61,56,40,4,0,1,0.875,0,0.41,5.2,45
Prinplup,64,66,68,81,76,50,4,0,1,0.875,0,0.79,23,45
Empoleon,84,86,88,111,101,60,4,0,1,0.875,0,1.7,84.5,45
Starly,40,55,30,30,30,60,4,0,1,0.5,0,0.3,2,255
Staravia,55,75,50,40,40,80,4,0,1,0.5,0,0.61,15.5,120
Staraptor,85,120,70,50,60,100,4,0,1,0.5,0,1.19,24.9,45
Bidoof,59,45,40,35,40,31,4,0,1,0.5,0,0.51,20,255
Bibarel,79,85,60,55,60,71,4,0,1,0.5,0,0.99,31.5,127
Kricketot,37,25,41,25,41,25,4,0,1,0.5,0,0.3,2.2,255
Kricketune,77,85,51,55,51,65,4,0,1,0.5,0,0.99,25.5,45
Shinx,45,65,34,40,34,45,4,0,1,0.5,0,0.51,9.5,235
Luxio,60,85,49,60,49,60,4,0,1,0.5,0,0.89,30.5,120
Luxray,80,120,79,95,79,70,4,0,1,0.5,0,1.4,42,45
Budew,40,30,35,50,70,55,4,0,1,0.5,0,0.2,1.2,255
Roserade,60,70,65,125,105,90,4,0,1,0.5,0,0.89,14.5,75
Cranidos,67,125,40,30,30,58,4,0,1,0.875,0,0.89,31.5,45
Rampardos,97,165,60,65,50,58,4,0,1,0.875,0,1.6,102.5,45
Shieldon,30,42,118,42,88,30,4,0,1,0.875,0,0.51,57,45
Bastiodon,60,52,168,47,138,30,4,0,1,0.875,0,1.3,149.5,45
Burmy,40,29,45,29,45,36,4,0,1,0.5,0,0.2,3.4,120
Wormadam,60,59,85,79,105,36,4,0,1,0,0,0.51,6.5,45
Mothim,70,94,50,94,50,66,4,0,1,1,0,0.89,23.3,45
Combee,30,30,42,30,42,70,4,0,1,0.875,0,0.3,5.5,120
Vespiquen,70,80,102,80,102,40,4,0,1,0,0,1.19,38.5,45
Pachirisu,60,45,70,45,90,95,4,0,1,0.5,0,0.41,3.9,200
Buizel,55,65,35,60,30,85,4,0,1,0.5,0,0.71,29.5,190
Floatzel,85,105,55,85,50,115,4,0,1,0.5,0,1.09,33.5,75
Cherubi,45,35,45,62,53,35,4,0,1,0.5,0,0.41,3.3,190
Cherrim,70,60,70,87,78,85,4,0,1,0.5,0,0.51,9.3,75
Shellos,76,48,48,57,62,34,4,0,1,0.5,0,0.3,6.3,190
Gastrodon,111,83,68,92,82,39,4,0,1,0.5,0,0.89,29.9,75
Ambipom,75,100,66,60,66,115,4,0,1,0.5,0,1.19,20.3,45
Drifloon,90,50,34,60,44,70,4,0,1,0.5,0,0.41,1.2,125
Drifblim,150,80,44,90,54,80,4,0,1,0.5,0,1.19,15,60
Buneary,55,66,44,44,56,85,4,0,1,0.5,0,0.41,5.5,190
Lopunny,65,76,84,54,96,105,4,0,1,0.5,1,1.19,33.3,60
Mismagius,60,60,60,105,105,105,4,0,1,0.5,0,0.89,4.4,45
Honchkrow,100,125,52,105,52,71,4,0,1,0.5,0,0.89,27.3,30
Glameow,49,55,42,42,37,85,4,0,1,0.25,0,0.51,3.9,190
Purugly,71,82,64,64,59,112,4,0,1,0.25,0,0.99,43.8,75
Chingling,45,30,50,65,50,45,4,0,1,0.5,0,0.2,0.6,120
Stunky,63,63,47,41,41,74,4,0,1,0.5,0,0.41,19.2,225
Skuntank,103,93,67,71,61,84,4,0,1,0.5,0,0.99,38,60
Bronzor,57,24,86,24,86,23,4,0,0,0.5,0,0.51,60.5,255
Bronzong,67,89,116,79,116,33,4,0,0,0.5,0,1.3,187,90
Bonsly,50,80,95,10,45,10,4,0,1,0.5,0,0.51,15,255
Mime_Jr.,20,25,45,70,90,60,4,0,1,0.5,0,0.61,13,145
Happiny,100,5,5,15,65,30,4,0,1,0,0,0.61,24.4,130
Chatot,76,65,45,92,42,91,4,0,1,0.5,0,0.51,1.9,30
Spiritomb,50,92,108,92,108,35,4,0,1,0.5,0,0.99,108,100
Gible,58,70,45,40,45,42,4,0,1,0.5,0,0.71,20.5,45
Gabite,68,90,65,50,55,82,4,0,1,0.5,0,1.4,56,45
Garchomp,108,130,95,80,85,102,4,0,1,0.5,1,1.91,95,45
Munchlax,135,85,40,40,85,5,4,0,1,0.875,0,0.61,105,50
Riolu,40,70,40,35,40,60,4,0,1,0.875,0,0.71,20.2,75
Lucario,70,110,70,115,70,90,4,0,1,0.875,1,1.19,54,45
Hippopotas,68,72,78,38,42,32,4,0,1,0.5,0,0.79,49.5,140
Hippowdon,108,112,118,68,72,47,4,0,1,0.5,0,2.01,300,60
Skorupi,40,50,90,30,55,65,4,0,1,0.5,0,0.79,12,120
Drapion,70,90,110,60,75,95,4,0,1,0.5,0,1.3,61.5,45
Croagunk,48,61,40,61,40,50,4,0,1,0.5,0,0.71,23,140
Toxicroak,83,106,65,86,65,85,4,0,1,0.5,0,1.3,44.4,75
Carnivine,74,100,72,90,72,46,4,0,1,0.5,0,1.4,27,200
Finneon,49,49,56,49,61,66,4,0,1,0.5,0,0.41,7,190
Lumineon,69,69,76,69,86,91,4,0,1,0.5,0,1.19,24,75
Mantyke,45,20,50,60,120,50,4,0,1,0.5,0,0.99,65,25
Snover,60,62,50,62,60,40,4,0,1,0.5,0,0.99,50.5,120
Abomasnow,90,92,75,92,85,60,4,0,1,0.5,1,2.21,135.5,60
Weavile,70,120,65,45,85,125,4,0,1,0.5,0,1.09,34,45
Magnezone,70,70,115,130,90,60,4,0,0,0.5,0,1.19,180,30
Lickilicky,110,85,95,80,95,50,4,0,1,0.5,0,1.7,140,30
Rhyperior,115,140,130,55,55,40,4,0,1,0.5,0,2.39,282.8,30
Tangrowth,100,100,125,110,50,50,4,0,1,0.5,0,2.01,128.6,30
Electivire,75,123,67,95,85,95,4,0,1,0.75,0,1.8,138.6,30
Magmortar,75,95,67,125,95,83,4,0,1,0.75,0,1.6,68,30
Togekiss,85,50,95,120,115,80,4,0,1,0.875,0,1.5,38,30
Yanmega,86,76,86,116,56,95,4,0,1,0.5,0,1.91,51.5,30
Leafeon,65,110,130,60,65,95,4,0,1,0.875,0,0.99,25.5,45
Glaceon,65,60,110,130,95,65,4,0,1,0.875,0,0.79,25.9,45
Gliscor,75,95,125,45,75,95,4,0,1,0.5,0,2.01,42.5,30
Mamoswine,110,130,80,70,60,80,4,0,1,0.5,0,2.49,291,50
Porygon-Z,85,80,70,135,75,90,4,0,0,0.5,0,0.89,34,30
Gallade,68,125,65,65,115,80,4,0,1,1,1,1.6,52,45
Probopass,60,55,145,75,150,40,4,0,1,0.5,0,1.4,340,60
Dusknoir,45,100,135,65,135,45,4,0,1,0.5,0,2.21,106.6,45
Froslass,70,80,70,80,70,110,4,0,1,0,0,1.3,26.6,75
Rotom,50,50,77,95,77,91,4,0,0,0.5,0,0.3,0.3,45
Uxie,75,75,130,75,130,95,4,1,0,0.5,0,0.3,0.3,3
Mesprit,80,105,105,105,105,80,4,1,0,0.5,0,0.3,0.3,3
Azelf,75,125,70,125,70,115,4,1,0,0.5,0,0.3,0.3,3
Dialga,100,120,120,150,100,90,4,1,0,0.5,0,5.41,683,3
Palkia,90,120,100,150,120,100,4,1,0,0.5,0,4.19,336,3
Heatran,91,90,106,130,106,77,4,1,1,0.5,0,1.7,430,3
Regigigas,110,160,110,80,110,100,4,1,0,0.5,0,3.71,420,3
Giratina,150,120,100,120,100,90,4,1,0,0.5,0,6.91,650,3
Cresselia,120,70,120,75,130,85,4,0,1,0,0,1.5,85.6,3
Phione,80,80,80,80,80,80,4,0,0,0.5,0,0.41,3.1,30
Manaphy,100,100,100,100,100,100,4,0,0,0.5,0,0.3,1.4,3
Darkrai,70,90,90,135,90,125,4,1,0,0.5,0,1.5,50.5,3
Shaymin,100,100,100,100,100,100,4,1,0,0.5,0,0.2,2.1,45
Arceus,120,120,120,120,120,120,4,1,0,0.5,0,3.2,320,3
Victini,100,100,100,100,100,100,5,1,0,0.5,0,0.41,4,3
Snivy,45,45,55,45,55,63,5,0,1,0.875,0,0.61,8.1,45
Servine,60,60,75,60,75,83,5,0,1,0.875,0,0.79,16,45
Serperior,75,75,95,75,95,113,5,0,1,0.875,0,3.3,63,45
Tepig,65,63,45,45,45,45,5,0,1,0.875,0,0.51,9.9,45
Pignite,90,93,55,70,55,55,5,0,1,0.875,0,0.99,55.5,45
Emboar,110,123,65,100,65,65,5,0,1,0.875,0,1.6,150,45
Oshawott,55,55,45,63,45,45,5,0,1,0.875,0,0.51,5.9,45
Dewott,75,75,60,83,60,60,5,0,1,0.875,0,0.79,24.5,45
Samurott,95,100,85,108,70,70,5,0,1,0.875,0,1.5,94.6,45
Patrat,45,55,39,35,39,42,5,0,1,0.5,0,0.51,11.6,255
Watchog,60,85,69,60,69,77,5,0,1,0.5,0,1.09,27,255
Lillipup,45,60,45,25,45,55,5,0,1,0.5,0,0.41,4.1,255
Herdier,65,80,65,35,65,60,5,0,1,0.5,0,0.89,14.7,120
Stoutland,85,110,90,45,90,80,5,0,1,0.5,0,1.19,61,45
Purrloin,41,50,37,50,37,66,5,0,1,0.5,0,0.41,10.1,255
Liepard,64,88,50,88,50,106,5,0,1,0.5,0,1.09,37.5,90
Pansage,50,53,48,53,48,64,5,0,1,0.875,0,0.61,10.5,190
Simisage,75,98,63,98,63,101,5,0,1,0.875,0,1.09,30.5,75
Pansear,50,53,48,53,48,64,5,0,1,0.875,0,0.61,11,190
Simisear,75,98,63,98,63,101,5,0,1,0.875,0,0.99,28,75
Panpour,50,53,48,53,48,64,5,0,1,0.875,0,0.61,13.5,190
Simipour,75,98,63,98,63,101,5,0,1,0.875,0,0.99,29,75
Munna,76,25,45,67,55,24,5,0,1,0.5,0,0.61,23.3,190
Musharna,116,55,85,107,95,29,5,0,1,0.5,0,1.09,60.5,75
Pidove,50,55,50,36,30,43,5,0,1,0.5,0,0.3,2.1,255
Tranquill,62,77,62,50,42,65,5,0,1,0.5,0,0.61,15,120
Unfezant,80,115,80,65,55,93,5,0,1,0.5,0,1.19,29,45
Blitzle,45,60,32,50,32,76,5,0,1,0.5,0,0.79,29.8,190
Zebstrika,75,100,63,80,63,116,5,0,1,0.5,0,1.6,79.5,75
Roggenrola,55,75,85,25,25,15,5,0,1,0.5,0,0.41,18,255
Boldore,70,105,105,50,40,20,5,0,1,0.5,0,0.89,102,120
Gigalith,85,135,130,60,80,25,5,0,1,0.5,0,1.7,260,45
Woobat,55,45,43,55,43,72,5,0,1,0.5,0,0.41,2.1,190
Swoobat,67,57,55,77,55,114,5,0,1,0.5,0,0.89,10.5,45
Drilbur,60,85,40,30,45,68,5,0,1,0.5,0,0.3,8.5,120
Excadrill,110,135,60,50,65,88,5,0,1,0.5,0,0.71,40.4,60
Audino,103,60,86,60,86,50,5,0,1,0.5,1,1.09,31,255
Timburr,75,80,55,25,35,35,5,0,1,0.75,0,0.61,12.5,180
Gurdurr,85,105,85,40,50,40,5,0,1,0.75,0,1.19,40,90
Conkeldurr,105,140,95,55,65,45,5,0,1,0.75,0,1.4,87,45
Tympole,50,50,40,50,40,64,5,0,1,0.5,0,0.51,4.5,255
Palpitoad,75,65,55,65,55,69,5,0,1,0.5,0,0.79,17,120
Seismitoad,105,95,75,85,75,74,5,0,1,0.5,0,1.5,62,45
Throh,120,100,85,30,85,45,5,0,1,1,0,1.3,55.5,45
Sawk,75,125,75,30,75,85,5,0,1,1,0,1.4,51,45
Sewaddle,45,53,70,40,60,42,5,0,1,0.5,0,0.3,2.5,255
Swadloon,55,63,90,50,80,42,5,0,1,0.5,0,0.51,7.3,120
Leavanny,75,103,80,70,80,92,5,0,1,0.5,0,1.19,20.5,45
Venipede,30,45,59,30,39,57,5,0,1,0.5,0,0.41,5.3,255
Whirlipede,40,55,99,40,79,47,5,0,1,0.5,0,1.19,58.5,120
Scolipede,60,100,89,55,69,112,5,0,1,0.5,0,2.49,200.5,45
Cottonee,40,27,60,37,50,66,5,0,1,0.5,0,0.3,0.6,190
Whimsicott,60,67,85,77,75,116,5,0,1,0.5,0,0.71,6.6,75
Petilil,45,35,50,70,50,30,5,0,1,0,0,0.51,6.6,190
Lilligant,70,60,75,110,75,90,5,0,1,0,0,1.09,16.3,75
Basculin,70,92,65,80,55,98,5,0,1,0.5,0,0.99,18,25
Sandile,50,72,35,35,35,65,5,0,1,0.5,0,0.71,15.2,180
Krokorok,60,82,45,45,45,74,5,0,1,0.5,0,0.99,33.4,90
Krookodile,95,117,80,65,70,92,5,0,1,0.5,0,1.5,96.3,45
Darumaka,70,90,45,15,45,50,5,0,1,0.5,0,0.61,37.5,120
Darmanitan,105,140,55,30,55,95,5,0,1,0.5,0,1.3,92.9,60
Maractus,75,86,67,106,67,60,5,0,1,0.5,0,0.99,28,255
Dwebble,50,65,85,35,35,55,5,0,1,0.5,0,0.3,14.5,190
Crustle,70,95,125,65,75,45,5,0,1,0.5,0,1.4,200,75
Scraggy,50,75,70,35,70,48,5,0,1,0.5,0,0.61,11.8,180
Scrafty,65,90,115,45,115,58,5,0,1,0.5,0,1.09,30,90
Sigilyph,72,58,80,103,80,97,5,0,1,0.5,0,1.4,14,45
Yamask,38,30,85,55,65,30,5,0,1,0.5,0,0.51,1.5,190
Cofagrigus,58,50,145,95,105,30,5,0,1,0.5,0,1.7,76.5,90
Tirtouga,54,78,103,53,45,22,5,0,1,0.875,0,0.71,16.5,45
Carracosta,74,108,133,83,65,32,5,0,1,0.875,0,1.19,81,45
Archen,55,112,45,74,45,70,5,0,1,0.875,0,0.51,9.5,45
Archeops,75,140,65,112,65,110,5,0,1,0.875,0,1.4,32,45
Trubbish,50,50,62,40,62,65,5,0,1,0.5,0,0.61,31,190
Garbodor,80,95,82,60,82,75,5,0,1,0.5,0,1.91,107.3,60
Zorua,40,65,40,80,40,65,5,0,1,0.875,0,0.71,12.5,75
Zoroark,60,105,60,120,60,105,5,0,1,0.875,0,1.6,81.1,45
Minccino,55,50,40,40,40,75,5,0,1,0.25,0,0.41,5.8,255
Cinccino,75,95,60,65,60,115,5,0,1,0.25,0,0.51,7.5,60
Gothita,45,30,50,55,65,45,5,0,1,0.25,0,0.41,5.8,200
Gothorita,60,45,70,75,85,55,5,0,1,0.25,0,0.71,18,100
Gothitelle,70,55,95,95,110,65,5,0,1,0.25,0,1.5,44,50
Solosis,45,30,40,105,50,20,5,0,1,0.5,0,0.3,1,200
Duosion,65,40,50,125,60,30,5,0,1,0.5,0,0.61,8,100
Reuniclus,110,65,75,125,85,30,5,0,1,0.5,0,0.99,20.1,50
Ducklett,62,44,50,44,50,55,5,0,1,0.5,0,0.51,5.5,190
Swanna,75,87,63,87,63,98,5,0,1,0.5,0,1.3,24.2,45
Vanillite,36,50,50,65,60,44,5,0,1,0.5,0,0.41,5.7,255
Vanillish,51,65,65,80,75,59,5,0,1,0.5,0,1.09,41,120
Vanilluxe,71,95,85,110,95,79,5,0,1,0.5,0,1.3,57.5,45
Deerling,60,60,50,40,50,75,5,0,1,0.5,0,0.61,19.5,190
Sawsbuck,80,100,70,60,70,95,5,0,1,0.5,0,1.91,92.5,75
Emolga,55,75,60,75,60,103,5,0,1,0.5,0,0.41,5,200
Karrablast,50,75,45,40,45,60,5,0,1,0.5,0,0.51,5.9,200
Escavalier,70,135,105,60,105,20,5,0,1,0.5,0,0.99,33,75
Foongus,69,55,45,55,55,15,5,0,1,0.5,0,0.2,1,190
Amoonguss,114,85,70,85,80,30,5,0,1,0.5,0,0.61,10.5,75
Frillish,55,40,50,65,85,40,5,0,1,0.5,0,1.19,33,190
Jellicent,100,60,70,85,105,60,5,0,1,0.5,0,2.21,135,60
Alomomola,165,75,80,40,45,65,5,0,1,0.5,0,1.19,31.6,75
Joltik,50,47,50,57,50,65,5,0,1,0.5,0,0.1,0.6,190
Galvantula,70,77,60,97,60,108,5,0,1,0.5,0,0.79,14.3,75
Ferroseed,44,50,91,24,86,10,5,0,1,0.5,0,0.61,18.8,255
Ferrothorn,74,94,131,54,116,20,5,0,1,0.5,0,0.99,110,90
Klink,40,55,70,45,60,30,5,0,0,0.5,0,0.3,21,130
Klang,60,80,95,70,85,50,5,0,0,0.5,0,0.61,51,60
Klinklang,60,100,115,70,85,90,5,0,0,0.5,0,0.61,81,30
Tynamo,35,55,40,45,40,60,5,0,1,0.5,0,0.2,0.3,190
Eelektrik,65,85,70,75,70,40,5,0,1,0.5,0,1.19,22,60
Eelektross,85,115,80,105,80,50,5,0,1,0.5,0,2.11,80.5,30
Elgyem,55,55,55,85,55,30,5,0,1,0.5,0,0.51,9,255
Beheeyem,75,75,75,125,95,40,5,0,1,0.5,0,0.99,34.5,90
Litwick,50,30,55,65,55,20,5,0,1,0.5,0,0.3,3.1,190
Lampent,60,40,60,95,60,55,5,0,1,0.5,0,0.61,13,90
Chandelure,60,55,90,145,90,80,5,0,1,0.5,0,0.99,34.3,45
Axew,46,87,60,30,40,57,5,0,1,0.5,0,0.61,18,75
Fraxure,66,117,70,40,50,67,5,0,1,0.5,0,0.99,36,60
Haxorus,76,147,90,60,70,97,5,0,1,0.5,0,1.8,105.5,45
Cubchoo,55,70,40,60,40,40,5,0,1,0.5,0,0.51,8.5,120
Beartic,95,110,80,70,80,50,5,0,1,0.5,0,2.59,260,60
Cryogonal,70,50,30,95,135,105,5,0,0,0.5,0,1.09,148,25
Shelmet,50,40,85,40,65,25,5,0,1,0.5,0,0.41,7.7,200
Accelgor,80,70,40,100,60,145,5,0,1,0.5,0,0.79,25.3,75
Stunfisk,109,66,84,81,99,32,5,0,1,0.5,0,0.71,11,75
Mienfoo,45,85,50,55,50,65,5,0,1,0.5,0,0.89,20,180
Mienshao,65,125,60,95,60,105,5,0,1,0.5,0,1.4,35.5,45
Druddigon,77,120,90,60,90,48,5,0,1,0.5,0,1.6,139,45
Golett,59,74,50,35,50,35,5,0,0,0.5,0,0.99,92,190
Golurk,89,124,80,55,80,55,5,0,0,0.5,0,2.79,330,90
Pawniard,45,85,70,40,40,60,5,0,1,0.5,0,0.51,10.2,120
Bisharp,65,125,100,60,70,70,5,0,1,0.5,0,1.6,70,45
Bouffalant,95,110,95,40,95,55,5,0,1,0.5,0,1.6,94.6,45
Rufflet,70,83,50,37,50,60,5,0,1,1,0,0.51,10.5,190
Braviary,100,123,75,57,75,80,5,0,1,1,0,1.5,41,60
Vullaby,70,55,75,45,65,60,5,0,1,0,0,0.51,9,190
Mandibuzz,110,65,105,55,95,80,5,0,1,0,0,1.19,39.5,60
Heatmor,85,97,66,105,66,65,5,0,1,0.5,0,1.4,58,90
Durant,58,109,112,48,48,109,5,0,1,0.5,0,0.3,33,90
Deino,52,65,50,45,50,38,5,0,1,0.5,0,0.79,17.3,45
Zweilous,72,85,70,65,70,58,5,0,1,0.5,0,1.4,50,45
Hydreigon,92,105,90,125,90,98,5,0,1,0.5,0,1.8,160,45
Larvesta,55,85,55,50,55,60,5,0,1,0.5,0,1.09,28.8,45
Volcarona,85,60,65,135,105,100,5,0,1,0.5,0,1.6,46,15
Cobalion,91,90,129,90,72,108,5,1,0,0.5,0,2.11,250,3
Terrakion,91,129,90,72,90,108,5,1,0,0.5,0,1.91,260,3
Virizion,91,90,72,90,129,108,5,1,0,0.5,0,2.01,200,3
Tornadus,79,115,70,125,80,111,5,1,1,1,0,1.5,63,3
Thundurus,79,115,70,125,80,111,5,1,1,1,0,1.5,61,3
Reshiram,100,120,100,150,120,90,5,1,0,0.5,0,3.2,330,3
Zekrom,100,150,120,120,100,90,5,1,0,0.5,0,2.9,345,3
Landorus,89,125,90,115,80,101,5,1,1,1,0,1.5,68,3
Kyurem,125,130,90,130,90,95,5,1,0,0.5,0,3,325,3
Keldeo,91,72,90,129,90,108,5,0,0,0.5,0,1.4,48.5,3
Meloetta,100,77,77,128,128,90,5,0,0,0.5,0,0.61,6.5,3
Genesect,71,120,95,120,95,99,5,0,0,0.5,0,1.5,82.5,3
Chespin,56,61,65,48,45,38,6,0,1,0.875,0,0.41,9,45
Quilladin,61,78,95,56,58,57,6,0,1,0.875,0,0.71,29,45
Chesnaught,88,107,122,74,75,64,6,0,1,0.875,0,1.6,90,45
Fennekin,40,45,40,62,60,60,6,0,1,0.875,0,0.41,9.4,45
Braixen,59,59,58,90,70,73,6,0,1,0.875,0,0.99,14.5,45
Delphox,75,69,72,114,100,104,6,0,1,0.875,0,1.5,39,45
Froakie,41,56,40,62,44,71,6,0,1,0.875,0,0.3,7,45
Frogadier,54,63,52,83,56,97,6,0,1,0.875,0,0.61,10.9,45
Greninja,72,95,67,103,71,122,6,0,1,0.875,0,1.5,40,45
Bunnelby,38,36,38,32,36,57,6,0,1,0.5,0,0.41,5,255
Diggersby,85,56,77,50,77,78,6,0,1,0.5,0,0.99,42.4,127
Fletchling,45,50,43,40,38,62,6,0,1,0.5,0,0.3,1.7,255
Fletchinder,62,73,55,56,52,84,6,0,1,0.5,0,0.71,16,120
Talonflame,78,81,71,74,69,126,6,0,1,0.5,0,1.19,24.5,45
Scatterbug,38,35,40,27,25,35,6,0,1,0.5,0,0.3,2.5,255
Spewpa,45,22,60,27,30,29,6,0,1,0.5,0,0.3,8.4,120
Vivillon,80,52,50,90,50,89,6,0,1,0.5,0,1.19,17,45
Litleo,62,50,58,73,54,72,6,0,1,0.125,0,0.61,13.5,220
Pyroar,86,68,72,109,66,106,6,0,1,0.125,0,1.5,81.5,65
Flabí©bí©,44,38,39,61,79,42,6,0,1,0,0,0.1,0.1,225
Floette,54,45,47,75,98,52,6,0,1,0,0,0.2,0.9,120
Florges,78,65,68,112,154,75,6,0,1,0,0,1.09,10,45
Skiddo,66,65,48,62,57,52,6,0,1,0.5,0,0.89,31,200
Gogoat,123,100,62,97,81,68,6,0,1,0.5,0,1.7,91,45
Pancham,67,82,62,46,48,43,6,0,1,0.5,0,0.61,8,220
Pangoro,95,124,78,69,71,58,6,0,1,0.5,0,2.11,136,65
Furfrou,75,80,60,65,90,102,6,0,1,0.5,0,1.19,28,160
Espurr,62,48,54,63,60,68,6,0,1,0.5,0,0.3,3.5,190
Meowstic,74,48,76,83,81,104,6,0,1,0.5,0,0.61,8.5,75
Honedge,45,80,100,35,37,28,6,0,1,0.5,0,0.79,2,180
Doublade,59,110,150,45,49,35,6,0,1,0.5,0,0.84,4.5,90
Aegislash,60,50,150,50,150,60,6,0,1,0.5,0,1.7,53,45
Spritzee,78,52,60,63,65,23,6,0,1,0.5,0,0.2,0.5,200
Aromatisse,101,72,72,99,89,29,6,0,1,0.5,0,0.79,15.5,140
Swirlix,62,48,66,59,57,49,6,0,1,0.5,0,0.41,3.5,200
Slurpuff,82,80,86,85,75,72,6,0,1,0.5,0,0.79,5,140
Inkay,53,54,53,37,46,45,6,0,1,0.5,0,0.41,3.5,190
Malamar,86,92,88,68,75,73,6,0,1,0.5,0,1.5,47,80
Binacle,42,52,67,39,56,50,6,0,1,0.5,0,0.51,31,120
Barbaracle,72,105,115,54,86,68,6,0,1,0.5,0,1.3,96,45
Skrelp,50,60,60,60,60,30,6,0,1,0.5,0,0.51,7.3,225
Dragalge,65,75,90,97,123,44,6,0,1,0.5,0,1.8,81.5,55
Clauncher,50,53,62,58,63,44,6,0,1,0.5,0,0.51,8.3,225
Clawitzer,71,73,88,120,89,59,6,0,1,0.5,0,1.3,35.3,55
Helioptile,44,38,33,61,43,70,6,0,1,0.5,0,0.51,6,190
Heliolisk,62,55,52,109,94,109,6,0,1,0.5,0,0.99,21,75
Tyrunt,58,89,77,45,45,48,6,0,1,0.875,0,0.79,26,45
Tyrantrum,82,121,119,69,59,71,6,0,1,0.875,0,2.49,270,45
Amaura,77,59,50,67,63,46,6,0,1,0.875,0,1.3,25.2,45
Aurorus,123,77,72,99,92,58,6,0,1,0.875,0,2.69,225,45
Sylveon,95,65,65,110,130,60,6,0,1,0.875,0,0.99,23.5,45
Hawlucha,78,92,75,74,63,118,6,0,1,0.5,0,0.79,21.5,100
Dedenne,67,58,57,81,67,101,6,0,1,0.5,0,0.2,2.2,180
Carbink,50,50,150,50,150,50,6,0,0,0.5,0,0.3,5.7,60
Goomy,45,50,35,55,75,40,6,0,1,0.5,0,0.3,2.8,45
Sliggoo,68,75,53,83,113,60,6,0,1,0.5,0,0.79,17.5,45
Goodra,90,100,70,110,150,80,6,0,1,0.5,0,2.01,150.5,45
Klefki,57,80,91,80,87,75,6,0,1,0.5,0,0.2,3,75
Phantump,43,70,48,50,60,38,6,0,1,0.5,0,0.41,7,120
Trevenant,85,110,76,65,82,56,6,0,1,0.5,0,1.5,71,60
Pumpkaboo,49,66,70,44,55,51,6,0,1,0.5,0,0.41,5,120
Gourgeist,65,90,122,58,75,84,6,0,1,0.5,0,1.7,39,60
Bergmite,55,69,85,32,35,28,6,0,1,0.5,0,0.99,99.5,190
Avalugg,95,117,184,44,46,28,6,0,1,0.5,0,2.01,505,55
Noibat,40,30,35,45,40,55,6,0,1,0.5,0,0.51,8,190
Noivern,85,70,80,97,80,123,6,0,1,0.5,0,1.5,85,45
Xerneas,126,131,95,131,98,99,6,1,0,0.5,0,3,215,45
Yveltal,126,131,95,131,98,99,6,1,0,0.5,0,5.79,203,45
Zygarde,108,100,121,81,95,95,6,1,0,0.5,0,5,305,3
Diancie,50,100,150,100,150,50,6,1,0,0.5,1,0.71,8.8,3
Hoopa,80,110,60,150,130,70,6,1,0,0.5,0,0.51,9,3
Volcanion,80,110,120,130,90,70,6,1,0,0.5,0,1.7,195,3